-- phpMyAdmin SQL Dump
-- version 5.2.2
-- https://www.phpmyadmin.net/
--
-- Host: localhost:3306
-- Generation Time: Sep 03, 2025 at 06:45 PM
-- Server version: 8.4.3
-- PHP Version: 8.3.16

SET SQL_MODE = "NO_AUTO_VALUE_ON_ZERO";
START TRANSACTION;
SET time_zone = "+00:00";


/*!40101 SET @OLD_CHARACTER_SET_CLIENT=@@CHARACTER_SET_CLIENT */;
/*!40101 SET @OLD_CHARACTER_SET_RESULTS=@@CHARACTER_SET_RESULTS */;
/*!40101 SET @OLD_COLLATION_CONNECTION=@@COLLATION_CONNECTION */;
/*!40101 SET NAMES utf8mb4 */;

--
-- Database: `secure_panel_db`
--

-- --------------------------------------------------------

--
-- Table structure for table `audit_logs`
--

CREATE TABLE `audit_logs` (
  `id` int NOT NULL,
  `user_id` int DEFAULT NULL,
  `service_id` int DEFAULT NULL,
  `action` varchar(255) NOT NULL,
  `ip_address` varchar(45) DEFAULT NULL,
  `timestamp` timestamp NOT NULL DEFAULT CURRENT_TIMESTAMP
) ENGINE=InnoDB DEFAULT CHARSET=utf8mb4 COLLATE=utf8mb4_0900_ai_ci;

-- --------------------------------------------------------

--
-- Table structure for table `branches`
--

CREATE TABLE `branches` (
  `id` int NOT NULL,
  `company_id` int NOT NULL,
  `name` varchar(100) COLLATE utf8mb4_spanish_ci NOT NULL,
  `province` varchar(50) COLLATE utf8mb4_spanish_ci NOT NULL
) ENGINE=InnoDB DEFAULT CHARSET=utf8mb4 COLLATE=utf8mb4_spanish_ci;

--
-- Dumping data for table `branches`
--

INSERT INTO `branches` (`id`, `company_id`, `name`, `province`) VALUES
(1, 1, 'test', 'Buenos Aires');

-- --------------------------------------------------------

--
-- Table structure for table `companies`
--

CREATE TABLE `companies` (
  `id` int NOT NULL,
  `name` varchar(100) COLLATE utf8mb4_spanish_ci NOT NULL,
  `created_at` timestamp NULL DEFAULT CURRENT_TIMESTAMP
) ENGINE=InnoDB DEFAULT CHARSET=utf8mb4 COLLATE=utf8mb4_spanish_ci;

--
-- Dumping data for table `companies`
--

INSERT INTO `companies` (`id`, `name`, `created_at`) VALUES
(1, 'Prueba', '2025-09-03 15:35:36'),
(2, 'Prueba2', '2025-09-03 15:35:45');

-- --------------------------------------------------------

--
-- Table structure for table `messages`
--

CREATE TABLE `messages` (
  `id` int NOT NULL,
  `sender_id` int DEFAULT NULL,
  `receiver_id` int DEFAULT NULL,
  `message` text COLLATE utf8mb4_spanish_ci NOT NULL,
  `is_read` tinyint(1) DEFAULT '0',
  `created_at` timestamp NULL DEFAULT CURRENT_TIMESTAMP
) ENGINE=InnoDB DEFAULT CHARSET=utf8mb4 COLLATE=utf8mb4_spanish_ci;

-- --------------------------------------------------------

--
-- Table structure for table `notifications`
--

CREATE TABLE `notifications` (
  `id` int NOT NULL,
  `user_id` int NOT NULL,
  `site_id` int NOT NULL,
  `message` text COLLATE utf8mb4_general_ci,
  `is_read` tinyint(1) NOT NULL DEFAULT '0',
  `created_at` timestamp NOT NULL DEFAULT CURRENT_TIMESTAMP,
  `resolved_at` timestamp NULL DEFAULT NULL,
  `resolved_by_admin_id` int DEFAULT NULL
) ENGINE=InnoDB DEFAULT CHARSET=utf8mb4 COLLATE=utf8mb4_general_ci;

--
-- Dumping data for table `notifications`
--

INSERT INTO `notifications` (`id`, `user_id`, `site_id`, `message`, `is_read`, `created_at`, `resolved_at`, `resolved_by_admin_id`) VALUES
(10, 1, 8, 'El servidor Proxmox ha sido configurado exitosamente y est谩 listo para usar.', 1, '2025-09-01 18:35:30', NULL, NULL),
(18, 7, 8, 'Tienes acceso completo al servidor Proxmox.', 0, '2025-09-01 18:25:30', NULL, NULL),
(19, 7, 9, 'Tu cuenta en Cloud Panel ha sido activada.', 1, '2025-09-01 16:35:30', NULL, NULL),
(20, 8, 8, 'Se te ha asignado permisos de lectura en Proxmox.', 0, '2025-09-01 18:15:30', NULL, NULL),
(21, 8, 9, 'Bienvenido al Cloud Panel, tu perfil est谩 completo.', 0, '2025-09-01 17:35:30', NULL, NULL),
(24, 8, 8, ' El usuario \'juanp\' report贸 un problema con el sitio \'Proxmox\'.', 0, '2025-09-02 20:22:35', NULL, NULL),
(25, 8, 9, ' El usuario \'juanp\' report贸 un problema con el sitio \'Cloud Panel\'.', 0, '2025-09-03 18:28:27', NULL, NULL);

-- --------------------------------------------------------

--
-- Table structure for table `services`
--

CREATE TABLE `services` (
  `id` int NOT NULL,
  `service_username` varchar(255) DEFAULT NULL,
  `service_password_encrypted` blob,
  `iv` blob,
  `password_needs_update` tinyint(1) NOT NULL DEFAULT '0',
  `notes` text,
  `user_id` int NOT NULL,
  `site_id` int NOT NULL
) ENGINE=InnoDB DEFAULT CHARSET=utf8mb4 COLLATE=utf8mb4_0900_ai_ci;

--
-- Dumping data for table `services`
--

INSERT INTO `services` (`id`, `service_username`, `service_password_encrypted`, `iv`, `password_needs_update`, `notes`, `user_id`, `site_id`) VALUES
(10, NULL, NULL, NULL, 1, 'Clod Panel Test', 7, 9),
(11, NULL, NULL, NULL, 0, 'Proxmox 9 Testing', 7, 8),
(12, NULL, NULL, NULL, 1, 'nada', 1, 9),
(13, NULL, NULL, NULL, 0, 'nada', 1, 8),
(14, NULL, NULL, NULL, 1, '', 8, 9),
(15, NULL, NULL, NULL, 0, '', 8, 8);

-- --------------------------------------------------------

--
-- Table structure for table `sites`
--

CREATE TABLE `sites` (
  `id` int NOT NULL,
  `name` varchar(100) COLLATE utf8mb4_unicode_ci NOT NULL,
  `url` varchar(255) COLLATE utf8mb4_unicode_ci NOT NULL,
  `username` varchar(255) COLLATE utf8mb4_unicode_ci DEFAULT NULL COMMENT 'Usuario por defecto para este sitio',
  `password_encrypted` blob COMMENT 'Contrase帽a encriptada para este sitio',
  `iv` blob COMMENT 'Vector de inicializaci贸n para la encriptaci贸n',
  `password_needs_update` tinyint(1) NOT NULL DEFAULT '0' COMMENT 'Flag para notificar si la pass expir贸',
  `notes` text COLLATE utf8mb4_unicode_ci,
  `created_by` int UNSIGNED NOT NULL
) ENGINE=InnoDB DEFAULT CHARSET=utf8mb4 COLLATE=utf8mb4_unicode_ci;

--
-- Dumping data for table `sites`
--

INSERT INTO `sites` (`id`, `name`, `url`, `username`, `password_encrypted`, `iv`, `password_needs_update`, `notes`, `created_by`) VALUES
(8, 'Proxmox', 'https://10.10.0.1:8006', 'root', 0x684b7775345942517a497a305562657832655a6258773d3d, 0xb1660c5ebc2df2e3d4e7cca161372187, 0, 'Proxmox 9 Testing', 0),
(9, 'Cloud Panel', 'https://10.10.0.50:8443', 'root', 0x3957345565434658695074416b6e42316b6e547138513d3d, 0x9577ef7f8b582fd40e7791d76a7dafa5, 0, 'Cloud Panel Testing', 0);

-- --------------------------------------------------------

--
-- Table structure for table `users`
--

CREATE TABLE `users` (
  `id` int NOT NULL,
  `username` varchar(50) NOT NULL,
  `password_hash` varchar(255) NOT NULL,
  `role` enum('superadmin','admin','user') NOT NULL DEFAULT 'user',
  `company_id` int DEFAULT NULL,
  `branch_id` int DEFAULT NULL,
  `assigned_admin_id` int DEFAULT NULL,
  `is_active` tinyint(1) NOT NULL DEFAULT '1',
  `created_at` timestamp NOT NULL DEFAULT CURRENT_TIMESTAMP,
  `created_by` int DEFAULT NULL
) ENGINE=InnoDB DEFAULT CHARSET=utf8mb4 COLLATE=utf8mb4_0900_ai_ci;

--
-- Dumping data for table `users`
--

INSERT INTO `users` (`id`, `username`, `password_hash`, `role`, `company_id`, `branch_id`, `assigned_admin_id`, `is_active`, `created_at`, `created_by`) VALUES
(1, 'admin', '$2y$10$NlguZUw9cO1.weM9Sw2sL.1B61BTQNhv/5do/Z66SLZOR8Zo7OdIy', 'admin', 1, 1, NULL, 1, '2025-08-27 19:37:58', NULL),
(7, 'BrianF', '$2y$10$c1TokUq/pEiBgwV07Gpl0ekWFJu6gcjhurDZMBuaWiGrsH30CzMcq', 'admin', NULL, NULL, NULL, 1, '2025-08-29 14:23:03', NULL),
(8, 'juanp', '$2y$10$XTEQVVrGcECeUU2/5xU0ceTTOqhyeo2GifgIHDyMUprTItE7HgSQu', 'user', NULL, NULL, 1, 1, '2025-08-29 20:10:43', NULL),
(9, 'pepea', '$2y$10$3NAssuFIKCg1WGSTurI1BOR8tsp3dQ92tOQ8O/QL6BOV0sUmzN/BK', 'user', NULL, NULL, 1, 1, '2025-09-02 16:21:49', NULL),
(10, 'javiero', '$2y$10$9ZW6pm1D8ssF1.b4ekesEOToDdY3HL1uIm/kFA7ACFUj1vOVgizOC', 'user', 1, 1, 1, 1, '2025-09-03 18:38:55', 1);

-- --------------------------------------------------------

--
-- Table structure for table `user_sites`
--

CREATE TABLE `user_sites` (
  `id` int NOT NULL,
  `user_id` int NOT NULL,
  `site_id` int NOT NULL
) ENGINE=InnoDB DEFAULT CHARSET=utf8mb4 COLLATE=utf8mb4_spanish_ci;

--
-- Indexes for dumped tables
--

--
-- Indexes for table `audit_logs`
--
ALTER TABLE `audit_logs`
  ADD PRIMARY KEY (`id`),
  ADD KEY `user_id` (`user_id`),
  ADD KEY `service_id` (`service_id`);

--
-- Indexes for table `branches`
--
ALTER TABLE `branches`
  ADD PRIMARY KEY (`id`),
  ADD UNIQUE KEY `unique_branch` (`company_id`,`name`);

--
-- Indexes for table `companies`
--
ALTER TABLE `companies`
  ADD PRIMARY KEY (`id`),
  ADD UNIQUE KEY `name` (`name`);

--
-- Indexes for table `messages`
--
ALTER TABLE `messages`
  ADD PRIMARY KEY (`id`),
  ADD KEY `receiver_id` (`receiver_id`),
  ADD KEY `idx_conversation` (`sender_id`,`receiver_id`);

--
-- Indexes for table `notifications`
--
ALTER TABLE `notifications`
  ADD PRIMARY KEY (`id`),
  ADD KEY `user_id` (`user_id`),
  ADD KEY `site_id` (`site_id`);

--
-- Indexes for table `services`
--
ALTER TABLE `services`
  ADD PRIMARY KEY (`id`),
  ADD KEY `created_by` (`user_id`),
  ADD KEY `fk_services_site` (`site_id`);

--
-- Indexes for table `sites`
--
ALTER TABLE `sites`
  ADD PRIMARY KEY (`id`),
  ADD UNIQUE KEY `name` (`name`);

--
-- Indexes for table `users`
--
ALTER TABLE `users`
  ADD PRIMARY KEY (`id`),
  ADD UNIQUE KEY `username` (`username`),
  ADD KEY `company_id` (`company_id`),
  ADD KEY `branch_id` (`branch_id`),
  ADD KEY `idx_created_by` (`created_by`),
  ADD KEY `fk_assigned_admin` (`assigned_admin_id`);

--
-- Indexes for table `user_sites`
--
ALTER TABLE `user_sites`
  ADD PRIMARY KEY (`id`),
  ADD UNIQUE KEY `unique_user_site` (`user_id`,`site_id`),
  ADD KEY `site_id` (`site_id`);

--
-- AUTO_INCREMENT for dumped tables
--

--
-- AUTO_INCREMENT for table `audit_logs`
--
ALTER TABLE `audit_logs`
  MODIFY `id` int NOT NULL AUTO_INCREMENT, AUTO_INCREMENT=5;

--
-- AUTO_INCREMENT for table `branches`
--
ALTER TABLE `branches`
  MODIFY `id` int NOT NULL AUTO_INCREMENT, AUTO_INCREMENT=2;

--
-- AUTO_INCREMENT for table `companies`
--
ALTER TABLE `companies`
  MODIFY `id` int NOT NULL AUTO_INCREMENT, AUTO_INCREMENT=3;

--
-- AUTO_INCREMENT for table `messages`
--
ALTER TABLE `messages`
  MODIFY `id` int NOT NULL AUTO_INCREMENT;

--
-- AUTO_INCREMENT for table `notifications`
--
ALTER TABLE `notifications`
  MODIFY `id` int NOT NULL AUTO_INCREMENT, AUTO_INCREMENT=26;

--
-- AUTO_INCREMENT for table `services`
--
ALTER TABLE `services`
  MODIFY `id` int NOT NULL AUTO_INCREMENT, AUTO_INCREMENT=16;

--
-- AUTO_INCREMENT for table `sites`
--
ALTER TABLE `sites`
  MODIFY `id` int NOT NULL AUTO_INCREMENT, AUTO_INCREMENT=10;

--
-- AUTO_INCREMENT for table `users`
--
ALTER TABLE `users`
  MODIFY `id` int NOT NULL AUTO_INCREMENT, AUTO_INCREMENT=12;

--
-- AUTO_INCREMENT for table `user_sites`
--
ALTER TABLE `user_sites`
  MODIFY `id` int NOT NULL AUTO_INCREMENT;

--
-- Constraints for dumped tables
--

--
-- Constraints for table `audit_logs`
--
ALTER TABLE `audit_logs`
  ADD CONSTRAINT `fk_audit_service` FOREIGN KEY (`service_id`) REFERENCES `services` (`id`) ON DELETE RESTRICT,
  ADD CONSTRAINT `fk_audit_user` FOREIGN KEY (`user_id`) REFERENCES `users` (`id`) ON DELETE SET NULL;

--
-- Constraints for table `branches`
--
ALTER TABLE `branches`
  ADD CONSTRAINT `branches_ibfk_1` FOREIGN KEY (`company_id`) REFERENCES `companies` (`id`) ON DELETE CASCADE;

--
-- Constraints for table `notifications`
--
ALTER TABLE `notifications`
  ADD CONSTRAINT `notifications_ibfk_1` FOREIGN KEY (`user_id`) REFERENCES `users` (`id`) ON DELETE CASCADE,
  ADD CONSTRAINT `notifications_ibfk_2` FOREIGN KEY (`site_id`) REFERENCES `sites` (`id`) ON DELETE CASCADE;

--
-- Constraints for table `services`
--
ALTER TABLE `services`
  ADD CONSTRAINT `fk_services_site` FOREIGN KEY (`site_id`) REFERENCES `sites` (`id`) ON DELETE CASCADE ON UPDATE CASCADE;

--
-- Constraints for table `users`
--
ALTER TABLE `users`
  ADD CONSTRAINT `fk_assigned_admin` FOREIGN KEY (`assigned_admin_id`) REFERENCES `users` (`id`) ON DELETE SET NULL,
  ADD CONSTRAINT `fk_created_by` FOREIGN KEY (`created_by`) REFERENCES `users` (`id`) ON DELETE SET NULL,
  ADD CONSTRAINT `users_ibfk_1` FOREIGN KEY (`company_id`) REFERENCES `companies` (`id`),
  ADD CONSTRAINT `users_ibfk_2` FOREIGN KEY (`branch_id`) REFERENCES `branches` (`id`);

--
-- Constraints for table `user_sites`
--
ALTER TABLE `user_sites`
  ADD CONSTRAINT `user_sites_ibfk_1` FOREIGN KEY (`user_id`) REFERENCES `users` (`id`) ON DELETE CASCADE,
  ADD CONSTRAINT `user_sites_ibfk_2` FOREIGN KEY (`site_id`) REFERENCES `sites` (`id`) ON DELETE CASCADE;
COMMIT;

/*!40101 SET CHARACTER_SET_CLIENT=@OLD_CHARACTER_SET_CLIENT */;
/*!40101 SET CHARACTER_SET_RESULTS=@OLD_CHARACTER_SET_RESULTS */;
/*!40101 SET COLLATION_CONNECTION=@OLD_COLLATION_CONNECTION */;
